[
  {
    "line": 1,
    "elements": [
      {
        "before": [
          {
            "result": {
              "duration": 6073557906,
              "status": "passed"
            },
            "match": {
              "location": "Hook.before(Scenario)"
            }
          }
        ],
        "line": 12,
        "name": "Login into Leaftaps application",
        "description": "",
        "id": "login-into-leaftaps-application;login-into-leaftaps-application;;2",
        "after": [
          {
            "result": {
              "duration": 986396441,
              "status": "passed"
            },
            "match": {
              "location": "Hook.after()"
            }
          }
        ],
        "type": "scenario",
        "keyword": "Scenario Outline",
        "steps": [
          {
            "result": {
              "duration": 546124415,
              "status": "passed"
            },
            "line": 4,
            "name": "Enter username as DemoSalesManager",
            "match": {
              "arguments": [
                {
                  "val": "DemoSalesManager",
                  "offset": 18
                }
              ],
              "location": "LoginPage.typeUserName(String)"
            },
            "keyword": "Given "
          },
          {
            "result": {
              "duration": 477652353,
              "status": "passed"
            },
            "line": 5,
            "name": "Enter password as crmsfa",
            "match": {
              "arguments": [
                {
                  "val": "crmsfa",
                  "offset": 18
                }
              ],
              "location": "LoginPage.typePassword(String)"
            },
            "keyword": "And "
          },
          {
            "result": {
              "duration": 777108189,
              "status": "passed"
            },
            "line": 7,
            "name": "Click the Login button",
            "match": {
              "location": "LoginPage.clickLogin()"
            },
            "keyword": "When "
          },
          {
            "result": {
              "duration": 486575,
              "status": "passed"
            },
            "line": 8,
            "name": "Verify Login is Success",
            "match": {
              "location": "HomePage.verifyLoginSuccess()"
            },
            "keyword": "Then "
          }
        ]
      }
    ],
    "name": "Login into Leaftaps application",
    "description": "",
    "id": "login-into-leaftaps-application",
    "keyword": "Feature",
    "uri": "src/test/java/features/Login.feature",
    "tags": []
  }
]